Location,Speed_Limit
Bishan - Seletar,60
Bishan - Ang Mo Kio,50
Bishan - Potong Pasir,60
Seletar - Punggol,70
Seletar - Ang Mo Kio,55
Ang Mo Kio - Serangoon,50
Potong Pasir - Serangoon,60
Potong Pasir - MacPherson,50
Punggol - Pasir Ris,80
Punggol - Sengkang,70
Sengkang - Serangoon,60
Sengkang - Hougang,65
Serangoon - Hougang,55
Hougang - Paya Lebar,50
Pasir Ris - Paya Lebar,70
Pasir Ris - Tampines,80
Paya Lebar - Tampines,70
Paya Lebar - MacPherson,60
MacPherson - Bedok,55
Bedok - Tampines,80